{
    "loss": 4.9549713134765625,
    "accuracy": 0.8103448152542114
}