{
    "loss": 3.81404185295105,
    "accuracy": 0.8620689511299133
}